"","person","date","joinTime","leaveTime","playedMinutes"
"1","fenhl",2014-02-19,2014-02-19 10:05:31,2014-02-19 10:15:34,10.05
"2","fenhl",2014-02-19,2014-02-19 12:02:19,2014-02-19 13:00:56,58.6166666666667
"3","fenhl",2014-02-19,2014-02-19 13:00:59,2014-02-19 14:27:56,86.95
"4","fenhl",2014-02-19,2014-02-19 14:38:11,2014-02-19 15:51:37,73.4333333333333
"5","fenhl",2014-02-19,2014-02-19 15:52:07,2014-02-19 17:12:29,80.3666666666667
"6","papierschiff",2014-02-20,2014-02-20 19:14:29,2014-02-20 19:39:44,25.25
"7","papierschiff",2014-02-20,2014-02-20 19:54:45,2014-02-20 20:01:14,6.48333333333333
"8","papierschiff",2014-02-20,2014-02-20 20:01:53,2014-02-20 20:37:03,35.1666666666667
"9","papierschiff",2014-02-20,2014-02-20 20:37:08,2014-02-20 22:03:27,86.3166666666667
"10","papierschiff",2014-02-20,2014-02-20 22:03:38,2014-02-20 22:39:55,36.2833333333333
"11","viirus42",2014-02-20,2014-02-20 22:19:22,2014-02-20 23:04:54,45.5333333333333
"12","fenhl",2014-02-20,2014-02-20 22:44:41,2014-02-20 22:59:33,14.8666666666667
"13","fenhl",2014-02-22,2014-02-22 08:57:35,2014-02-22 10:01:15,63.6666666666667
"14","fenhl",2014-02-22,2014-02-22 10:05:33,2014-02-22 11:17:03,71.5
"15","papierschiff",2014-02-22,2014-02-22 14:39:22,2014-02-22 14:48:34,9.2
"16","papierschiff",2014-02-22,2014-02-22 15:19:42,2014-02-22 15:20:27,0.75
"17","papierschiff",2014-02-22,2014-02-22 15:20:46,2014-02-22 15:20:56,0.166666666666667
"18","papierschiff",2014-02-22,2014-02-22 15:24:40,2014-02-22 15:47:57,23.2833333333333
"19","papierschiff",2014-02-22,2014-02-22 15:48:36,2014-02-22 16:00:46,12.1666666666667
"20","papierschiff",2014-02-22,2014-02-22 16:01:46,2014-02-22 16:15:46,14
"21","papierschiff",2014-02-22,2014-02-22 21:18:20,2014-02-22 21:31:47,13.45
"22","fenhl",2014-02-23,2014-02-23 11:37:17,2014-02-23 11:58:32,21.25
"23","fenhl",2014-02-23,2014-02-23 11:58:48,2014-02-23 12:59:49,61.0166666666667
"24","fenhl",2014-02-23,2014-02-23 13:13:09,2014-02-23 15:17:29,124.333333333333
"25","farthen",2014-02-23,2014-02-23 17:25:15,2014-02-23 17:29:14,3.98333333333333
"26","fenhl",2014-02-24,2014-02-24 05:51:00,2014-02-24 10:03:55,252.916666666667
"27","jemus42",2014-02-24,2014-02-24 08:53:29,2014-02-24 08:57:22,3.88333333333333
"28","fenhl",2014-02-24,2014-02-24 10:05:32,2014-02-24 19:30:23,564.85
"29","efrane",2014-02-24,2014-02-24 10:45:22,2014-02-24 11:08:25,23.05
"30","l3viathan",2014-02-24,2014-02-24 12:02:03,2014-02-24 12:54:10,52.1166666666667
"31","fenhl",2014-02-24,2014-02-24 19:38:09,2014-02-24 20:01:31,23.3666666666667
"32","fenhl",2014-02-24,2014-02-24 20:01:31,2014-02-25 00:00:00,238.483333333333
"33","fenhl",2014-02-25,2014-02-25 00:00:00,2014-02-25 08:57:28,537.466666666667
"34","l3viathan",2014-02-25,2014-02-25 02:50:28,2014-02-25 03:04:30,14.0333333333333
"35","fenhl",2014-02-25,2014-02-25 08:12:38,2014-02-25 09:04:14,51.6
"36","fenhl",2014-02-25,2014-02-25 09:04:14,2014-02-25 10:05:13,60.9833333333333
"37","fenhl",2014-02-25,2014-02-25 10:05:34,2014-02-25 12:01:03,115.483333333333
"38","fenhl",2014-02-25,2014-02-25 12:08:47,2014-02-25 15:16:15,187.466666666667
"39","xsteadfastx",2014-02-25,2014-02-25 14:04:05,2014-02-25 14:20:58,16.8833333333333
"40","fenhl",2014-02-25,2014-02-25 15:20:21,2014-02-25 15:20:35,0.233333333333333
"41","fenhl",2014-02-25,2014-02-25 16:09:08,2014-02-25 17:01:12,52.0666666666667
"42","fenhl",2014-02-25,2014-02-25 17:01:16,2014-02-25 19:17:24,136.133333333333
"43","fenhl",2014-02-25,2014-02-25 19:24:45,2014-02-25 20:01:28,36.7166666666667
"44","fenhl",2014-02-25,2014-02-25 20:47:16,2014-02-25 22:32:02,104.766666666667
"45","naturalismus",2014-02-25,2014-02-25 21:12:57,2014-02-25 22:26:57,74
"46","fenhl",2014-02-26,2014-02-26 07:58:17,2014-02-26 08:10:21,12.0666666666667
"47","xsteadfastx",2014-02-26,2014-02-26 08:55:34,2014-02-26 09:04:37,9.05
"48","katethie",2014-02-26,2014-02-26 09:29:43,2014-02-26 10:01:14,31.5166666666667
"49","fenhl",2014-02-26,2014-02-26 10:05:32,2014-02-26 14:01:20,235.8
"50","xsteadfastx",2014-02-26,2014-02-26 13:23:52,2014-02-26 13:32:07,8.25
"51","fenhl",2014-02-26,2014-02-26 14:01:25,2014-02-26 15:00:57,59.5333333333333
"52","xsteadfastx",2014-02-26,2014-02-26 14:03:16,2014-02-26 14:07:32,4.26666666666667
"53","fenhl",2014-02-26,2014-02-26 15:02:16,2014-02-26 15:27:06,24.8333333333333
"54","katethie",2014-02-26,2014-02-26 15:20:52,2014-02-26 17:01:16,100.4
"55","fenhl",2014-02-26,2014-02-26 16:12:46,2014-02-26 17:00:58,48.2
"56","drseilzug",2014-02-26,2014-02-26 16:52:09,2014-02-26 17:01:01,8.86666666666667
"57","l3viathan",2014-02-26,2014-02-26 16:56:06,2014-02-26 17:01:15,5.15
"58","drseilzug",2014-02-26,2014-02-26 17:01:20,2014-02-26 18:11:48,70.4666666666667
"59","katethie",2014-02-26,2014-02-26 17:01:28,2014-02-26 17:17:27,15.9833333333333
"60","l3viathan",2014-02-26,2014-02-26 17:01:29,2014-02-26 18:13:33,72.0666666666667
"61","fenhl",2014-02-26,2014-02-26 17:01:39,2014-02-26 17:15:13,13.5666666666667
"62","naturalismus",2014-02-26,2014-02-26 17:02:01,2014-02-26 18:08:33,66.5333333333333
"63","fenhl",2014-02-26,2014-02-26 17:15:51,2014-02-26 18:10:12,54.35
"64","monographic",2014-02-26,2014-02-26 17:19:05,2014-02-26 17:54:07,35.0333333333333
"65","drseilzug",2014-02-26,2014-02-26 18:17:27,2014-02-26 20:01:19,103.866666666667
"66","l3viathan",2014-02-26,2014-02-26 19:46:25,2014-02-26 19:46:29,0.0666666666666667
"67","monographic",2014-02-26,2014-02-26 19:49:08,2014-02-26 20:01:04,11.9333333333333
"68","l3viathan",2014-02-26,2014-02-26 19:50:38,2014-02-26 20:01:21,10.7166666666667
"69","fenhl",2014-02-26,2014-02-26 19:50:51,2014-02-26 20:01:06,10.25
"70","xsteadfastx",2014-02-26,2014-02-26 19:57:16,2014-02-26 20:01:22,4.1
"71","fenhl",2014-02-26,2014-02-26 20:01:23,2014-02-26 21:51:54,110.516666666667
"72","xsteadfastx",2014-02-26,2014-02-26 20:01:26,2014-02-26 20:06:05,4.65
"73","l3viathan",2014-02-26,2014-02-26 20:01:29,2014-02-26 21:09:17,67.8
"74","monographic",2014-02-26,2014-02-26 20:01:33,2014-02-26 20:31:08,29.5833333333333
"75","drseilzug",2014-02-26,2014-02-26 20:05:45,2014-02-26 21:50:32,104.783333333333
"76","monographic",2014-02-26,2014-02-26 20:39:39,2014-02-26 21:51:39,72
"77","l3viathan",2014-02-26,2014-02-26 21:09:21,2014-02-26 21:19:05,9.73333333333333
"78","monographic",2014-02-27,2014-02-27 04:54:55,2014-02-27 05:21:03,26.1333333333333
"79","xsteadfastx",2014-02-27,2014-02-27 10:45:26,2014-02-27 11:01:01,15.5833333333333
"80","xsteadfastx",2014-02-27,2014-02-27 11:01:04,2014-02-27 11:08:57,7.88333333333333
"81","monographic",2014-02-27,2014-02-27 13:14:56,2014-02-27 13:51:25,36.4833333333333
"82","monographic",2014-02-27,2014-02-27 14:09:02,2014-02-27 14:21:18,12.2666666666667
"83","xsteadfastx",2014-02-27,2014-02-27 14:49:46,2014-02-27 14:53:16,3.5
"84","monographic",2014-02-27,2014-02-27 17:53:18,2014-02-27 18:05:59,12.6833333333333
"85","monographic",2014-02-27,2014-02-27 18:33:58,2014-02-27 19:01:05,27.1166666666667
"86","monographic",2014-02-27,2014-02-27 19:01:19,2014-02-27 19:01:20,0.0166666666666667
"87","monographic",2014-02-27,2014-02-27 19:02:08,2014-02-27 19:17:05,14.95
"88","monographic",2014-02-28,2014-02-28 07:45:07,2014-02-28 08:08:37,23.5
"89","monographic",2014-02-28,2014-02-28 08:51:15,2014-02-28 09:01:21,10.1
"90","monographic",2014-02-28,2014-02-28 09:03:36,2014-02-28 09:09:41,6.08333333333333
"91","monographic",2014-02-28,2014-02-28 09:11:55,2014-02-28 09:21:22,9.45
"92","monographic",2014-02-28,2014-02-28 09:22:02,2014-02-28 09:54:33,32.5166666666667
"93","xsteadfastx",2014-02-28,2014-02-28 09:34:59,2014-02-28 09:44:39,9.66666666666667
"94","monographic",2014-02-28,2014-02-28 11:20:43,2014-02-28 11:25:59,5.26666666666667
"95","monographic",2014-02-28,2014-02-28 11:32:25,2014-02-28 11:43:44,11.3166666666667
"96","monographic",2014-02-28,2014-02-28 11:45:43,2014-02-28 11:56:51,11.1333333333333
"97","monographic",2014-02-28,2014-02-28 11:59:06,2014-02-28 12:07:30,8.4
"98","fenhl",2014-02-28,2014-02-28 12:11:36,2014-02-28 12:15:51,4.25
"99","fenhl",2014-02-28,2014-02-28 12:30:14,2014-02-28 13:04:28,34.2333333333333
"100","fenhl",2014-02-28,2014-02-28 13:04:43,2014-02-28 15:14:02,129.316666666667
"101","monographic",2014-02-28,2014-02-28 13:32:31,2014-02-28 13:58:37,26.1
"102","l3viathan",2014-02-28,2014-02-28 13:41:45,2014-02-28 14:40:58,59.2166666666667
"103","monographic",2014-02-28,2014-02-28 14:01:21,2014-02-28 14:06:29,5.13333333333333
"104","monographic",2014-02-28,2014-02-28 14:55:11,2014-02-28 15:28:22,33.1833333333333
"105","fenhl",2014-02-28,2014-02-28 15:18:44,2014-02-28 15:46:40,27.9333333333333
"106","l3viathan",2014-02-28,2014-02-28 15:27:13,2014-02-28 15:32:56,5.71666666666667
"107","fenhl",2014-02-28,2014-02-28 19:39:23,2014-02-28 20:37:26,58.05
"108","l3viathan",2014-02-28,2014-02-28 21:35:53,2014-02-28 21:42:58,7.08333333333333
"109","l3viathan",2014-02-28,2014-02-28 21:52:10,2014-02-28 22:51:43,59.55
"110","jemus42",2014-02-28,2014-02-28 22:01:46,2014-02-28 22:52:17,50.5166666666667
"111","farthen",2014-03-01,2014-03-01 14:28:50,2014-03-01 14:31:02,2.2
"112","jemus42",2014-03-01,2014-03-01 19:47:28,2014-03-01 19:58:15,10.7833333333333
"113","farthen",2014-03-01,2014-03-01 22:47:59,2014-03-01 22:50:14,2.25
"114","jemus42",2014-03-02,2014-03-02 01:16:58,2014-03-02 02:03:01,46.05
"115","l3viathan",2014-03-02,2014-03-02 01:19:32,2014-03-02 02:24:44,65.2
"116","fenhl",2014-03-02,2014-03-02 01:23:31,2014-03-02 02:24:51,61.3333333333333
"117","jemus42",2014-03-02,2014-03-02 02:03:06,2014-03-02 02:24:52,21.7666666666667
"118","l3viathan",2014-03-02,2014-03-02 02:24:53,2014-03-02 04:01:22,96.4833333333333
"119","jemus42",2014-03-02,2014-03-02 02:24:55,2014-03-02 02:53:55,29
"120","fenhl",2014-03-02,2014-03-02 02:25:21,2014-03-02 02:46:48,21.45
"121","jemus42",2014-03-02,2014-03-02 02:55:25,2014-03-02 03:10:45,15.3333333333333
"122","jemus42",2014-03-02,2014-03-02 03:10:56,2014-03-02 03:23:23,12.45
"123","fenhl",2014-03-02,2014-03-02 03:11:17,2014-03-02 04:01:30,50.2166666666667
"124","jemus42",2014-03-02,2014-03-02 03:23:33,2014-03-02 03:26:00,2.45
"125","jemus42",2014-03-02,2014-03-02 03:26:14,2014-03-02 04:01:31,35.2833333333333
"126","fenhl",2014-03-02,2014-03-02 04:01:33,2014-03-02 04:02:41,1.13333333333333
"127","l3viathan",2014-03-02,2014-03-02 04:01:48,2014-03-02 04:21:35,19.7833333333333
"128","jemus42",2014-03-02,2014-03-02 04:02:53,2014-03-02 04:21:42,18.8166666666667
"129","naturalismus",2014-03-02,2014-03-02 16:11:26,2014-03-02 16:13:10,1.73333333333333
"130","naturalismus",2014-03-02,2014-03-02 16:44:02,2014-03-02 17:03:11,19.15
"131","fenhl",2014-03-02,2014-03-02 16:48:25,2014-03-02 17:37:21,48.9333333333333
"132","naturalismus",2014-03-02,2014-03-02 17:06:58,2014-03-02 17:15:23,8.41666666666667
"133","naturalismus",2014-03-02,2014-03-02 17:15:27,2014-03-02 17:19:17,3.83333333333333
"134","naturalismus",2014-03-02,2014-03-02 17:19:21,2014-03-02 17:31:59,12.6333333333333
"135","naturalismus",2014-03-02,2014-03-02 17:36:54,2014-03-02 17:37:02,0.133333333333333
"136","naturalismus",2014-03-02,2014-03-02 17:39:00,2014-03-02 17:41:58,2.96666666666667
"137","naturalismus",2014-03-02,2014-03-02 17:44:18,2014-03-02 17:47:49,3.51666666666667
"138","naturalismus",2014-03-02,2014-03-02 17:47:51,2014-03-02 18:02:44,14.8833333333333
"139","naturalismus",2014-03-02,2014-03-02 18:02:46,2014-03-02 18:16:17,13.5166666666667
"140","naturalismus",2014-03-02,2014-03-02 18:34:17,2014-03-02 19:16:06,41.8166666666667
"141","naturalismus",2014-03-02,2014-03-02 19:34:06,2014-03-02 19:43:16,9.16666666666667
"142","l3viathan",2014-03-02,2014-03-02 19:34:33,2014-03-02 19:37:55,3.36666666666667
"143","jemus42",2014-03-02,2014-03-02 19:35:02,2014-03-02 19:39:40,4.63333333333333
"144","l3viathan",2014-03-02,2014-03-02 19:37:59,2014-03-02 19:39:45,1.76666666666667
"145","naturalismus",2014-03-02,2014-03-02 19:43:18,2014-03-02 20:00:17,16.9833333333333
"146","naturalismus",2014-03-02,2014-03-02 20:14:51,2014-03-02 20:39:42,24.85
"147","soop",2014-03-02,2014-03-02 21:00:04,2014-03-02 21:27:36,27.5333333333333
"148","naturalismus",2014-03-02,2014-03-02 21:01:34,2014-03-02 21:11:08,9.56666666666667
"149","naturalismus",2014-03-02,2014-03-02 21:12:00,2014-03-02 21:13:57,1.95
"150","naturalismus",2014-03-02,2014-03-02 21:14:04,2014-03-02 21:14:51,0.783333333333333
"151","naturalismus",2014-03-02,2014-03-02 21:15:17,2014-03-02 22:10:06,54.8166666666667
"152","fenhl",2014-03-02,2014-03-02 21:28:42,2014-03-02 22:03:05,34.3833333333333
"153","l3viathan",2014-03-02,2014-03-02 21:39:43,2014-03-02 21:48:00,8.28333333333333
"154","jemus42",2014-03-02,2014-03-02 21:42:32,2014-03-02 21:58:48,16.2666666666667
"155","jemus42",2014-03-02,2014-03-02 21:58:53,2014-03-02 21:59:56,1.05
"156","jemus42",2014-03-02,2014-03-02 22:00:00,2014-03-02 22:00:20,0.333333333333333
"157","jemus42",2014-03-02,2014-03-02 22:06:37,2014-03-02 22:16:48,10.1833333333333
"158","naturalismus",2014-03-02,2014-03-02 22:10:11,2014-03-02 22:10:36,0.416666666666667
"159","naturalismus",2014-03-02,2014-03-02 22:10:41,2014-03-02 22:13:03,2.36666666666667
"160","naturalismus",2014-03-02,2014-03-02 22:13:08,2014-03-02 22:25:05,11.95
"161","jemus42",2014-03-02,2014-03-02 22:25:20,2014-03-02 22:31:05,5.75
"162","naturalismus",2014-03-02,2014-03-02 22:26:40,2014-03-02 22:29:00,2.33333333333333
"163","naturalismus",2014-03-02,2014-03-02 22:29:15,2014-03-02 22:37:41,8.43333333333333
"164","jemus42",2014-03-02,2014-03-02 22:31:31,2014-03-02 22:32:56,1.41666666666667
"165","naturalismus",2014-03-02,2014-03-02 22:38:20,2014-03-02 22:40:48,2.46666666666667
"166","jemus42",2014-03-02,2014-03-02 22:43:22,2014-03-02 22:43:51,0.483333333333333
"167","naturalismus",2014-03-02,2014-03-02 22:44:50,2014-03-02 23:07:03,22.2166666666667
"168","jemus42",2014-03-02,2014-03-02 22:47:57,2014-03-02 23:03:27,15.5
"169","naturalismus",2014-03-02,2014-03-02 23:10:26,2014-03-02 23:31:04,20.6333333333333
"170","naturalismus",2014-03-02,2014-03-02 23:31:09,2014-03-02 23:47:35,16.4333333333333
"171","naturalismus",2014-03-02,2014-03-02 23:49:46,2014-03-02 23:52:58,3.2
"172","fenhl",2014-03-03,2014-03-03 14:01:49,2014-03-03 14:18:44,16.9166666666667
"173","naturalismus",2014-03-04,2014-03-04 10:19:06,2014-03-04 10:29:15,10.15
"174","naturalismus",2014-03-04,2014-03-04 10:35:07,2014-03-04 12:02:29,87.3666666666667
"175","naturalismus",2014-03-04,2014-03-04 12:02:31,2014-03-04 12:04:45,2.23333333333333
"176","naturalismus",2014-03-04,2014-03-04 12:35:43,2014-03-04 12:45:23,9.66666666666667
"177","naturalismus",2014-03-04,2014-03-04 12:45:25,2014-03-04 12:48:16,2.85
"178","naturalismus",2014-03-04,2014-03-04 12:48:21,2014-03-04 12:51:14,2.88333333333333
"179","naturalismus",2014-03-04,2014-03-04 12:51:18,2014-03-04 12:59:52,8.56666666666667
"180","alexex",2014-03-04,2014-03-04 12:55:51,2014-03-04 12:59:53,4.03333333333333
"181","naturalismus",2014-03-04,2014-03-04 13:01:17,2014-03-04 13:09:14,7.95
"182","naturalismus",2014-03-04,2014-03-04 13:09:18,2014-03-04 13:19:05,9.78333333333333
"183","naturalismus",2014-03-04,2014-03-04 13:19:16,2014-03-04 13:22:29,3.21666666666667
"184","naturalismus",2014-03-04,2014-03-04 13:22:36,2014-03-04 14:06:15,43.65
"185","monographic",2014-03-04,2014-03-04 13:55:43,2014-03-04 14:05:12,9.48333333333333
"186","naturalismus",2014-03-04,2014-03-04 14:07:08,2014-03-04 14:20:24,13.2666666666667
"187","fenhl",2014-03-04,2014-03-04 14:09:00,2014-03-04 14:10:58,1.96666666666667
"188","fenhl",2014-03-04,2014-03-04 14:17:47,2014-03-04 15:02:32,44.75
"189","naturalismus",2014-03-04,2014-03-04 14:21:42,2014-03-04 14:24:49,3.11666666666667
"190","naturalismus",2014-03-04,2014-03-04 14:27:12,2014-03-04 14:28:22,1.16666666666667
"191","naturalismus",2014-03-04,2014-03-04 14:32:59,2014-03-04 14:36:17,3.3
"192","naturalismus",2014-03-04,2014-03-04 14:45:37,2014-03-04 14:51:37,6
"193","naturalismus",2014-03-04,2014-03-04 14:51:39,2014-03-04 14:52:43,1.06666666666667
"194","naturalismus",2014-03-04,2014-03-04 14:52:45,2014-03-04 14:59:36,6.85
"195","naturalismus",2014-03-04,2014-03-04 14:59:49,2014-03-04 15:02:33,2.73333333333333
"196","fenhl",2014-03-04,2014-03-04 15:02:37,2014-03-04 15:09:09,6.53333333333333
"197","naturalismus",2014-03-04,2014-03-04 15:02:39,2014-03-04 15:16:21,13.7
"198","fenhl",2014-03-04,2014-03-04 15:10:30,2014-03-04 15:23:09,12.65
"199","naturalismus",2014-03-04,2014-03-04 15:17:13,2014-03-04 15:34:17,17.0666666666667
"200","fenhl",2014-03-04,2014-03-04 15:30:33,2014-03-04 15:59:50,29.2833333333333
"201","naturalismus",2014-03-04,2014-03-04 15:34:45,2014-03-04 15:49:32,14.7833333333333
"202","naturalismus",2014-03-04,2014-03-04 15:49:38,2014-03-04 15:51:27,1.81666666666667
"203","naturalismus",2014-03-04,2014-03-04 15:51:33,2014-03-04 15:53:27,1.9
"204","naturalismus",2014-03-04,2014-03-04 15:53:31,2014-03-04 16:08:15,14.7333333333333
"205","naturalismus",2014-03-04,2014-03-04 16:09:39,2014-03-04 16:42:52,33.2166666666667
"206","alexex",2014-03-04,2014-03-04 16:23:14,2014-03-04 16:23:52,0.633333333333333
"207","fenhl",2014-03-04,2014-03-04 16:29:34,2014-03-04 18:12:47,103.216666666667
"208","naturalismus",2014-03-04,2014-03-04 16:42:56,2014-03-04 16:45:10,2.23333333333333
"209","naturalismus",2014-03-04,2014-03-04 16:45:15,2014-03-04 16:48:43,3.46666666666667
"210","naturalismus",2014-03-04,2014-03-04 16:54:01,2014-03-04 17:03:44,9.71666666666667
"211","naturalismus",2014-03-04,2014-03-04 17:04:24,2014-03-04 17:06:57,2.55
"212","naturalismus",2014-03-04,2014-03-04 17:06:59,2014-03-04 17:11:17,4.3
"213","naturalismus",2014-03-04,2014-03-04 17:11:23,2014-03-04 18:41:40,90.2833333333333
"214","fenhl",2014-03-04,2014-03-04 18:16:40,2014-03-04 20:02:44,106.066666666667
"215","naturalismus",2014-03-04,2014-03-04 18:41:45,2014-03-04 19:05:26,23.6833333333333
"216","naturalismus",2014-03-04,2014-03-04 19:06:13,2014-03-04 19:09:09,2.93333333333333
"217","naturalismus",2014-03-04,2014-03-04 19:09:11,2014-03-04 19:15:00,5.81666666666667
"218","naturalismus",2014-03-04,2014-03-04 19:15:05,2014-03-04 19:16:20,1.25
"219","naturalismus",2014-03-04,2014-03-04 19:17:38,2014-03-04 19:18:25,0.783333333333333
"220","naturalismus",2014-03-04,2014-03-04 19:18:29,2014-03-04 19:59:12,40.7166666666667
"221","naturalismus",2014-03-04,2014-03-04 19:59:17,2014-03-04 20:02:48,3.51666666666667
"222","naturalismus",2014-03-04,2014-03-04 20:02:52,2014-03-04 20:25:54,23.0333333333333
"223","fenhl",2014-03-04,2014-03-04 20:02:54,2014-03-04 21:16:44,73.8333333333333
"224","naturalismus",2014-03-04,2014-03-04 20:25:59,2014-03-04 20:28:53,2.9
"225","naturalismus",2014-03-04,2014-03-04 20:28:58,2014-03-04 20:30:56,1.96666666666667
"226","naturalismus",2014-03-04,2014-03-04 20:31:02,2014-03-04 20:33:43,2.68333333333333
"227","naturalismus",2014-03-04,2014-03-04 20:33:48,2014-03-04 20:41:29,7.68333333333333
"228","naturalismus",2014-03-04,2014-03-04 20:41:48,2014-03-04 20:43:51,2.05
"229","naturalismus",2014-03-04,2014-03-04 20:44:10,2014-03-04 20:46:44,2.56666666666667
"230","naturalismus",2014-03-04,2014-03-04 20:46:49,2014-03-04 20:54:56,8.11666666666667
"231","fenhl",2014-03-04,2014-03-04 21:19:01,2014-03-04 21:53:50,34.8166666666667
"232","naturalismus",2014-03-04,2014-03-04 22:16:21,2014-03-04 22:26:19,9.96666666666667
"233","naturalismus",2014-03-04,2014-03-04 22:41:48,2014-03-04 23:31:02,49.2333333333333
"234","fenhl",2014-03-04,2014-03-04 23:25:39,2014-03-05 00:00:00,34.35
"235","naturalismus",2014-03-04,2014-03-04 23:31:19,2014-03-05 00:00:00,28.6833333333333
"236","fenhl",2014-03-05,2014-03-05 00:00:00,2014-03-05 01:41:03,101.05
"237","naturalismus",2014-03-05,2014-03-05 00:00:00,2014-03-05 00:26:06,26.1
"238","naturalismus",2014-03-05,2014-03-05 00:26:18,2014-03-05 00:42:53,16.5833333333333
"239","fenhl",2014-03-05,2014-03-05 01:42:00,2014-03-05 01:43:09,1.15
"240","fenhl",2014-03-05,2014-03-05 01:43:26,2014-03-05 01:47:07,3.68333333333333
"241","fenhl",2014-03-05,2014-03-05 01:47:57,2014-03-05 01:51:36,3.65
"242","fenhl",2014-03-05,2014-03-05 01:53:29,2014-03-05 02:01:35,8.1
"243","fenhl",2014-03-05,2014-03-05 02:02:41,2014-03-05 02:35:44,33.05
"244","naturalismus",2014-03-05,2014-03-05 02:02:42,2014-03-05 02:36:48,34.1
"245","fenhl",2014-03-05,2014-03-05 02:36:54,2014-03-05 02:36:55,0.0166666666666667
"246","naturalismus",2014-03-05,2014-03-05 02:37:10,2014-03-05 02:46:53,9.71666666666667
"247","fenhl",2014-03-05,2014-03-05 02:37:47,2014-03-05 03:42:42,64.9166666666667
"248","naturalismus",2014-03-05,2014-03-05 02:47:01,2014-03-05 02:57:53,10.8666666666667
"249","naturalismus",2014-03-05,2014-03-05 02:58:14,2014-03-05 03:10:20,12.1
"250","naturalismus",2014-03-05,2014-03-05 03:10:31,2014-03-05 03:11:42,1.18333333333333
"251","naturalismus",2014-03-05,2014-03-05 04:22:57,2014-03-05 05:04:24,41.45
"252","naturalismus",2014-03-05,2014-03-05 05:04:29,2014-03-05 06:15:54,71.4166666666667
"253","naturalismus",2014-03-05,2014-03-05 14:47:38,2014-03-05 16:02:41,75.05
"254","naturalismus",2014-03-05,2014-03-05 16:03:54,2014-03-05 16:34:02,30.1333333333333
"255","naturalismus",2014-03-05,2014-03-05 16:46:37,2014-03-05 17:15:11,28.5666666666667
"256","bl1nk",2014-03-05,2014-03-05 18:17:30,2014-03-05 18:21:49,4.31666666666667
"257","naturalismus",2014-03-05,2014-03-05 23:26:03,2014-03-05 23:49:32,23.4833333333333
"258","naturalismus",2014-03-06,2014-03-06 03:45:47,2014-03-06 04:07:09,21.3666666666667
"259","naturalismus",2014-03-06,2014-03-06 04:07:09,2014-03-06 04:45:30,38.35
"260","naturalismus",2014-03-06,2014-03-06 04:45:36,2014-03-06 05:41:16,55.6666666666667
"261","naturalismus",2014-03-06,2014-03-06 06:01:12,2014-03-06 06:04:34,3.36666666666667
"262","naturalismus",2014-03-06,2014-03-06 06:05:41,2014-03-06 06:44:44,39.05
"263","naturalismus",2014-03-06,2014-03-06 10:14:20,2014-03-06 10:18:06,3.76666666666667
"264","naturalismus",2014-03-06,2014-03-06 10:19:15,2014-03-06 11:14:57,55.7
"265","katethie",2014-03-06,2014-03-06 11:00:36,2014-03-06 11:08:46,8.16666666666667
"266","katethie",2014-03-06,2014-03-06 11:08:51,2014-03-06 11:12:45,3.9
"267","naturalismus",2014-03-06,2014-03-06 11:45:34,2014-03-06 12:13:31,27.95
"268","xsteadfastx",2014-03-06,2014-03-06 15:06:15,2014-03-06 15:17:36,11.35
"269","papierschiff",2014-03-06,2014-03-06 15:06:43,2014-03-06 16:45:05,98.3666666666667
"270","xsteadfastx",2014-03-06,2014-03-06 16:06:31,2014-03-06 16:18:22,11.85
"271","papierschiff",2014-03-06,2014-03-06 17:22:17,2014-03-06 17:48:18,26.0166666666667
"272","madmalik",2014-03-06,2014-03-06 18:01:56,2014-03-06 18:18:13,16.2833333333333
"273","papierschiff",2014-03-06,2014-03-06 18:19:14,2014-03-06 18:33:07,13.8833333333333
"274","papierschiff",2014-03-06,2014-03-06 18:34:35,2014-03-06 18:55:11,20.6
"275","madmalik",2014-03-06,2014-03-06 18:49:34,2014-03-06 19:02:55,13.35
"276","papierschiff",2014-03-06,2014-03-06 19:01:30,2014-03-06 19:19:24,17.9
"277","madmalik",2014-03-06,2014-03-06 19:04:06,2014-03-06 19:16:28,12.3666666666667
"278","madmalik",2014-03-06,2014-03-06 19:16:38,2014-03-06 20:09:08,52.5
"279","xsteadfastx",2014-03-07,2014-03-07 10:19:34,2014-03-07 10:35:35,16.0166666666667
"280","papierschiff",2014-03-07,2014-03-07 11:13:24,2014-03-07 11:22:17,8.88333333333333
"281","xsteadfastx",2014-03-07,2014-03-07 12:37:23,2014-03-07 12:52:32,15.15
"282","naturalismus",2014-03-07,2014-03-07 14:43:53,2014-03-07 15:04:40,20.7833333333333
"283","naturalismus",2014-03-07,2014-03-07 15:08:01,2014-03-07 15:22:32,14.5166666666667
"284","naturalismus",2014-03-07,2014-03-07 15:26:55,2014-03-07 15:44:35,17.6666666666667
"285","naturalismus",2014-03-07,2014-03-07 15:46:40,2014-03-07 15:57:52,11.2
"286","naturalismus",2014-03-07,2014-03-07 16:24:34,2014-03-07 16:43:25,18.85
"287","naturalismus",2014-03-07,2014-03-07 16:44:47,2014-03-07 20:02:03,197.266666666667
"288","naturalismus",2014-03-07,2014-03-07 20:28:51,2014-03-07 21:41:23,72.5333333333333
"289","naturalismus",2014-03-07,2014-03-07 22:26:57,2014-03-07 22:36:54,9.95
"290","naturalismus",2014-03-07,2014-03-07 23:17:33,2014-03-07 23:18:06,0.55
"291","naturalismus",2014-03-07,2014-03-07 23:34:46,2014-03-08 00:00:00,25.2333333333333
"292","naturalismus",2014-03-08,2014-03-08 00:00:00,2014-03-08 02:25:00,145
"293","naturalismus",2014-03-08,2014-03-08 02:25:21,2014-03-08 02:34:21,9
"294","naturalismus",2014-03-08,2014-03-08 02:34:28,2014-03-08 03:32:46,58.3
"295","naturalismus",2014-03-08,2014-03-08 12:28:16,2014-03-08 12:33:35,5.31666666666667
"296","naturalismus",2014-03-08,2014-03-08 12:59:17,2014-03-08 13:06:28,7.18333333333333
"297","naturalismus",2014-03-08,2014-03-08 13:07:23,2014-03-08 14:45:44,98.35
"298","naturalismus",2014-03-08,2014-03-08 14:58:40,2014-03-08 15:03:08,4.46666666666667
"299","naturalismus",2014-03-08,2014-03-08 15:05:42,2014-03-08 16:10:46,65.0666666666667
"300","naturalismus",2014-03-08,2014-03-08 16:17:38,2014-03-08 16:25:48,8.16666666666667
"301","xsteadfastx",2014-03-08,2014-03-08 16:40:25,2014-03-08 16:58:02,17.6166666666667
"302","naturalismus",2014-03-08,2014-03-08 18:33:56,2014-03-08 19:24:11,50.25
"303","naturalismus",2014-03-08,2014-03-08 19:30:52,2014-03-08 21:15:00,104.133333333333
"304","naturalismus",2014-03-08,2014-03-08 21:19:33,2014-03-08 21:44:27,24.9
"305","naturalismus",2014-03-08,2014-03-08 23:32:37,2014-03-08 23:53:31,20.9
"306","naturalismus",2014-03-09,2014-03-09 01:31:22,2014-03-09 01:49:41,18.3166666666667
"307","naturalismus",2014-03-09,2014-03-09 02:04:22,2014-03-09 03:18:46,74.4
"308","alexex",2014-03-09,2014-03-09 12:15:24,2014-03-09 12:20:55,5.51666666666667
"309","naturalismus",2014-03-09,2014-03-09 12:59:59,2014-03-09 13:31:49,31.8333333333333
"310","naturalismus",2014-03-09,2014-03-09 13:46:09,2014-03-09 13:48:41,2.53333333333333
"311","naturalismus",2014-03-09,2014-03-09 13:52:40,2014-03-09 14:43:24,50.7333333333333
"312","naturalismus",2014-03-09,2014-03-09 14:43:33,2014-03-09 14:51:05,7.53333333333333
"313","naturalismus",2014-03-09,2014-03-09 15:38:32,2014-03-09 15:38:54,0.366666666666667
"314","naturalismus",2014-03-09,2014-03-09 15:42:16,2014-03-09 15:43:28,1.2
"315","naturalismus",2014-03-09,2014-03-09 15:44:19,2014-03-09 16:46:50,62.5166666666667
"316","naturalismus",2014-03-09,2014-03-09 17:52:06,2014-03-09 18:46:10,54.0666666666667
"317","naturalismus",2014-03-09,2014-03-09 18:50:33,2014-03-09 18:54:28,3.91666666666667
"318","naturalismus",2014-03-09,2014-03-09 19:10:56,2014-03-09 19:18:58,8.03333333333333
"319","naturalismus",2014-03-09,2014-03-09 19:56:22,2014-03-09 19:59:05,2.71666666666667
"320","naturalismus",2014-03-10,2014-03-10 15:33:08,2014-03-10 16:28:56,55.8
"321","naturalismus",2014-03-10,2014-03-10 16:45:48,2014-03-10 17:02:43,16.9166666666667
"322","naturalismus",2014-03-10,2014-03-10 17:03:35,2014-03-10 17:05:31,1.93333333333333
"323","naturalismus",2014-03-10,2014-03-10 17:08:50,2014-03-10 17:11:33,2.71666666666667
"324","naturalismus",2014-03-10,2014-03-10 17:11:35,2014-03-10 17:17:53,6.3
"325","naturalismus",2014-03-10,2014-03-10 19:09:30,2014-03-10 19:12:03,2.55
"326","jemus42",2014-03-10,2014-03-10 19:31:48,2014-03-10 19:32:18,0.5
"327","naturalismus",2014-03-10,2014-03-10 19:31:57,2014-03-10 19:38:05,6.13333333333333
"328","jemus42",2014-03-10,2014-03-10 19:43:44,2014-03-10 19:43:55,0.183333333333333
"329","fenhl",2014-03-10,2014-03-10 19:45:15,2014-03-10 20:18:49,33.5666666666667
"330","l3viathan",2014-03-10,2014-03-10 19:47:46,2014-03-10 19:49:07,1.35
"331","naturalismus",2014-03-10,2014-03-10 19:52:33,2014-03-10 19:57:32,4.98333333333333
"332","naturalismus",2014-03-10,2014-03-10 19:57:58,2014-03-10 20:10:32,12.5666666666667
"333","naturalismus",2014-03-10,2014-03-10 20:10:43,2014-03-10 20:27:42,16.9833333333333
"334","naturalismus",2014-03-10,2014-03-10 20:42:05,2014-03-10 21:21:49,39.7333333333333
"335","naturalismus",2014-03-10,2014-03-10 21:21:53,2014-03-10 21:39:48,17.9166666666667
"336","l3viathan",2014-03-10,2014-03-10 21:53:41,2014-03-10 21:53:50,0.15
"337","naturalismus",2014-03-10,2014-03-10 22:14:36,2014-03-10 22:48:16,33.6666666666667
"338","fenhl",2014-03-11,2014-03-11 00:12:22,2014-03-11 01:51:03,98.6833333333333
"339","naturalismus",2014-03-11,2014-03-11 14:11:30,2014-03-11 14:57:54,46.4
"340","naturalismus",2014-03-11,2014-03-11 15:27:22,2014-03-11 15:34:39,7.28333333333333
"341","naturalismus",2014-03-11,2014-03-11 15:34:44,2014-03-11 15:37:53,3.15
"342","naturalismus",2014-03-11,2014-03-11 15:43:47,2014-03-11 15:48:09,4.36666666666667
"343","fenhl",2014-03-11,2014-03-11 16:39:16,2014-03-11 17:39:52,60.6
"344","fenhl",2014-03-11,2014-03-11 17:39:58,2014-03-11 17:57:37,17.65
"345","fenhl",2014-03-11,2014-03-11 17:57:48,2014-03-11 19:11:19,73.5166666666667
"346","naturalismus",2014-03-11,2014-03-11 21:00:41,2014-03-11 22:15:50,75.15
"347","fenhl",2014-03-11,2014-03-11 21:06:56,2014-03-11 21:23:31,16.5833333333333
"348","fenhl",2014-03-11,2014-03-11 21:26:07,2014-03-11 22:18:44,52.6166666666667
"349","fenhl",2014-03-11,2014-03-11 22:47:36,2014-03-11 23:25:45,38.15
"350","l3viathan",2014-03-12,2014-03-12 00:24:33,2014-03-12 00:51:10,26.6166666666667
"351","fenhl",2014-03-12,2014-03-12 01:18:43,2014-03-12 01:47:37,28.9
"352","xsteadfastx",2014-03-12,2014-03-12 06:26:07,2014-03-12 06:27:40,1.55
"353","naturalismus",2014-03-12,2014-03-12 12:17:59,2014-03-12 14:41:41,143.7
"354","l3viathan",2014-03-12,2014-03-12 13:24:18,2014-03-12 13:32:43,8.41666666666667
"355","l3viathan",2014-03-12,2014-03-12 13:33:00,2014-03-12 14:44:20,71.3333333333333
"356","fenhl",2014-03-12,2014-03-12 15:11:08,2014-03-12 16:34:02,82.9
"357","naturalismus",2014-03-12,2014-03-12 15:29:09,2014-03-12 15:55:45,26.6
"358","fenhl",2014-03-12,2014-03-12 16:43:34,2014-03-12 17:21:14,37.6666666666667
"359","jemus42",2014-03-12,2014-03-12 17:55:20,2014-03-12 18:00:34,5.23333333333333
"360","fenhl",2014-03-12,2014-03-12 17:56:19,2014-03-12 17:57:37,1.3
"361","fenhl",2014-03-12,2014-03-12 17:57:37,2014-03-12 18:07:34,9.95
"362","jemus42",2014-03-12,2014-03-12 18:02:36,2014-03-12 18:10:52,8.26666666666667
"363","fenhl",2014-03-12,2014-03-12 18:14:13,2014-03-12 19:34:11,79.9666666666667
"364","jemus42",2014-03-12,2014-03-12 18:17:11,2014-03-12 18:35:08,17.95
"365","l3viathan",2014-03-12,2014-03-12 18:32:10,2014-03-12 18:35:21,3.18333333333333
"366","l3viathan",2014-03-12,2014-03-12 19:03:48,2014-03-12 19:56:02,52.2333333333333
"367","naturalismus",2014-03-12,2014-03-12 19:42:11,2014-03-12 23:16:18,214.116666666667
"368","fenhl",2014-03-12,2014-03-12 19:46:36,2014-03-12 20:41:52,55.2666666666667
"369","fenhl",2014-03-12,2014-03-12 20:44:58,2014-03-12 20:46:12,1.23333333333333
"370","madmalik",2014-03-12,2014-03-12 20:46:26,2014-03-12 21:10:40,24.2333333333333
"371","fenhl",2014-03-12,2014-03-12 20:48:11,2014-03-13 00:00:00,191.816666666667
"372","madmalik",2014-03-12,2014-03-12 21:17:39,2014-03-12 22:14:52,57.2166666666667
"373","madmalik",2014-03-12,2014-03-12 22:16:26,2014-03-12 22:22:15,5.81666666666667
"374","naturalismus",2014-03-12,2014-03-12 23:18:04,2014-03-12 23:53:49,35.75
"375","fenhl",2014-03-13,2014-03-13 00:00:00,2014-03-13 01:03:00,63
"376","naturalismus",2014-03-13,2014-03-13 00:01:43,2014-03-13 00:15:20,13.6166666666667
"377","fenhl",2014-03-13,2014-03-13 04:58:13,2014-03-13 05:16:28,18.25
"378","xsteadfastx",2014-03-13,2014-03-13 11:48:45,2014-03-13 12:14:01,25.2666666666667
"379","naturalismus",2014-03-13,2014-03-13 14:02:38,2014-03-13 14:42:57,40.3166666666667
"380","naturalismus",2014-03-13,2014-03-13 15:13:21,2014-03-13 16:46:26,93.0833333333333
"381","fenhl",2014-03-13,2014-03-13 15:19:06,2014-03-13 15:35:23,16.2833333333333
"382","jemus42",2014-03-13,2014-03-13 15:20:06,2014-03-13 15:20:43,0.616666666666667
"383","fenhl",2014-03-13,2014-03-13 15:41:21,2014-03-13 16:44:50,63.4833333333333
"384","naturalismus",2014-03-13,2014-03-13 16:49:43,2014-03-13 16:54:03,4.33333333333333
"385","naturalismus",2014-03-13,2014-03-13 16:54:03,2014-03-13 17:46:13,52.1666666666667
"386","naturalismus",2014-03-13,2014-03-13 18:29:28,2014-03-13 18:30:28,1
"387","jemus42",2014-03-13,2014-03-13 20:48:52,2014-03-13 21:18:10,29.3
"388","fenhl",2014-03-13,2014-03-13 20:48:56,2014-03-13 21:16:30,27.5666666666667
"389","naturalismus",2014-03-13,2014-03-13 21:13:16,2014-03-13 21:13:43,0.45
"390","naturalismus",2014-03-13,2014-03-13 21:15:19,2014-03-13 21:21:14,5.91666666666667
"391","l3viathan",2014-03-13,2014-03-13 21:21:24,2014-03-13 21:35:20,13.9333333333333
"392","naturalismus",2014-03-13,2014-03-13 21:23:39,2014-03-13 21:27:40,4.01666666666667
"393","naturalismus",2014-03-13,2014-03-13 21:28:32,2014-03-13 22:09:28,40.9333333333333
"394","jemus42",2014-03-13,2014-03-13 21:43:05,2014-03-13 23:33:04,109.983333333333
"395","l3viathan",2014-03-13,2014-03-13 21:45:00,2014-03-13 21:49:36,4.6
"396","fenhl",2014-03-13,2014-03-13 21:45:15,2014-03-13 23:29:22,104.116666666667
"397","l3viathan",2014-03-13,2014-03-13 21:51:33,2014-03-13 23:04:16,72.7166666666667
"398","naturalismus",2014-03-13,2014-03-13 22:33:01,2014-03-14 00:00:00,86.9833333333333
"399","l3viathan",2014-03-13,2014-03-13 23:18:40,2014-03-14 00:00:00,41.3333333333333
"400","jemus42",2014-03-13,2014-03-13 23:52:06,2014-03-14 00:00:00,7.9
"401","fenhl",2014-03-14,2014-03-14 00:00:00,2014-03-14 01:33:39,93.65
"402","jemus42",2014-03-14,2014-03-14 00:00:00,2014-03-14 00:26:54,26.9
"403","l3viathan",2014-03-14,2014-03-14 00:00:00,2014-03-14 01:33:35,93.5833333333333
"404","naturalismus",2014-03-14,2014-03-14 00:00:00,2014-03-14 01:33:50,93.8333333333333
"405","jemus42",2014-03-14,2014-03-14 00:27:01,2014-03-14 01:34:06,67.0833333333333
"406","l3viathan",2014-03-14,2014-03-14 01:33:42,2014-03-14 01:54:18,20.6
"407","fenhl",2014-03-14,2014-03-14 01:33:46,2014-03-14 02:02:38,28.8666666666667
"408","naturalismus",2014-03-14,2014-03-14 01:33:54,2014-03-14 01:45:08,11.2333333333333
"409","naturalismus",2014-03-14,2014-03-14 01:48:49,2014-03-14 01:48:58,0.15
"410","l3viathan",2014-03-14,2014-03-14 01:54:22,2014-03-14 02:02:22,8
"411","l3viathan",2014-03-14,2014-03-14 02:02:41,2014-03-14 03:06:47,64.1
"412","jemus42",2014-03-14,2014-03-14 02:04:24,2014-03-14 03:13:20,68.9333333333333
"413","l3viathan",2014-03-14,2014-03-14 03:06:52,2014-03-14 04:24:53,78.0166666666667
"414","jemus42",2014-03-14,2014-03-14 03:13:30,2014-03-14 03:21:55,8.41666666666667
"415","jemus42",2014-03-14,2014-03-14 03:22:00,2014-03-14 04:25:54,63.9
"416","jemus42",2014-03-14,2014-03-14 05:20:21,2014-03-14 05:49:10,28.8166666666667
"417","l3viathan",2014-03-14,2014-03-14 05:23:39,2014-03-14 05:47:56,24.2833333333333
"418","l3viathan",2014-03-14,2014-03-14 05:48:00,2014-03-14 05:49:06,1.1
"419","xsteadfastx",2014-03-14,2014-03-14 07:50:04,2014-03-14 07:59:36,9.53333333333333
"420","xsteadfastx",2014-03-14,2014-03-14 07:59:44,2014-03-14 08:00:56,1.2
"421","xsteadfastx",2014-03-14,2014-03-14 08:00:56,2014-03-14 08:02:17,1.35
"422","xsteadfastx",2014-03-14,2014-03-14 08:02:24,2014-03-14 08:02:37,0.216666666666667
"423","xsteadfastx",2014-03-14,2014-03-14 09:45:18,2014-03-14 09:49:20,4.03333333333333
"424","naturalismus",2014-03-14,2014-03-14 10:21:44,2014-03-14 11:31:20,69.6
"425","naturalismus",2014-03-14,2014-03-14 11:31:41,2014-03-14 11:54:33,22.8666666666667
"426","naturalismus",2014-03-14,2014-03-14 12:53:04,2014-03-14 14:24:52,91.8
"427","naturalismus",2014-03-14,2014-03-14 14:26:41,2014-03-14 15:06:08,39.45
"428","naturalismus",2014-03-14,2014-03-14 16:15:19,2014-03-14 16:56:38,41.3166666666667
"429","naturalismus",2014-03-14,2014-03-14 17:08:42,2014-03-14 17:10:01,1.31666666666667
"430","naturalismus",2014-03-14,2014-03-14 17:17:21,2014-03-14 19:13:21,116
"431","jemus42",2014-03-14,2014-03-14 21:49:08,2014-03-14 23:49:52,120.733333333333
"432","jemus42",2014-03-15,2014-03-15 02:04:56,2014-03-15 02:41:11,36.25
"433","l3viathan",2014-03-15,2014-03-15 02:09:19,2014-03-15 02:57:55,48.6
"434","jemus42",2014-03-15,2014-03-15 02:41:16,2014-03-15 02:41:25,0.15
"435","jemus42",2014-03-15,2014-03-15 02:41:43,2014-03-15 03:44:36,62.8833333333333
"436","l3viathan",2014-03-15,2014-03-15 03:03:26,2014-03-15 03:35:04,31.6333333333333
"437","jemus42",2014-03-15,2014-03-15 04:33:49,2014-03-15 05:09:39,35.8333333333333
"438","l3viathan",2014-03-15,2014-03-15 04:55:28,2014-03-15 05:26:51,31.3833333333333
"439","jemus42",2014-03-15,2014-03-15 05:09:43,2014-03-15 05:27:35,17.8666666666667
"440","naturalismus",2014-03-15,2014-03-15 08:14:42,2014-03-15 09:15:49,61.1166666666667
"441","naturalismus",2014-03-15,2014-03-15 09:15:54,2014-03-15 10:05:13,49.3166666666667
"442","l3viathan",2014-03-15,2014-03-15 09:43:49,2014-03-15 10:01:35,17.7666666666667
"443","naturalismus",2014-03-15,2014-03-15 10:05:59,2014-03-15 10:44:33,38.5666666666667
"444","naturalismus",2014-03-15,2014-03-15 11:07:32,2014-03-15 11:15:51,8.31666666666667
"445","naturalismus",2014-03-15,2014-03-15 11:39:17,2014-03-15 11:53:30,14.2166666666667
"446","naturalismus",2014-03-15,2014-03-15 11:58:40,2014-03-15 12:09:04,10.4
"447","naturalismus",2014-03-15,2014-03-15 12:28:26,2014-03-15 12:38:00,9.56666666666667
"448","naturalismus",2014-03-15,2014-03-15 12:38:31,2014-03-15 13:06:50,28.3166666666667
"449","naturalismus",2014-03-15,2014-03-15 13:07:11,2014-03-15 13:32:49,25.6333333333333
"450","naturalismus",2014-03-15,2014-03-15 15:06:03,2014-03-15 15:07:23,1.33333333333333
"451","naturalismus",2014-03-15,2014-03-15 15:15:23,2014-03-15 15:27:11,11.8
"452","naturalismus",2014-03-15,2014-03-15 15:32:50,2014-03-15 15:41:18,8.46666666666667
"453","naturalismus",2014-03-15,2014-03-15 16:29:59,2014-03-15 16:37:14,7.25
"454","naturalismus",2014-03-15,2014-03-15 16:39:03,2014-03-15 16:39:29,0.433333333333333
"455","jemus42",2014-03-15,2014-03-15 21:57:52,2014-03-15 22:16:25,18.55
"456","jemus42",2014-03-15,2014-03-15 22:16:29,2014-03-15 22:20:33,4.06666666666667
"457","jemus42",2014-03-15,2014-03-15 22:20:37,2014-03-15 22:23:39,3.03333333333333
"458","jemus42",2014-03-15,2014-03-15 22:23:43,2014-03-15 22:32:51,9.13333333333333
"459","naturalismus",2014-03-15,2014-03-15 22:32:31,2014-03-15 22:38:48,6.28333333333333
"460","jemus42",2014-03-15,2014-03-15 22:32:55,2014-03-15 23:20:58,48.05
"461","naturalismus",2014-03-15,2014-03-15 22:38:52,2014-03-15 23:05:23,26.5166666666667
"462","naturalismus",2014-03-15,2014-03-15 23:08:40,2014-03-15 23:21:08,12.4666666666667
"463","jemus42",2014-03-15,2014-03-15 23:21:02,2014-03-16 00:00:00,38.9666666666667
"464","naturalismus",2014-03-15,2014-03-15 23:21:13,2014-03-15 23:32:42,11.4833333333333
"465","naturalismus",2014-03-15,2014-03-15 23:33:17,2014-03-15 23:35:01,1.73333333333333
"466","l3viathan",2014-03-15,2014-03-15 23:34:24,2014-03-16 00:00:00,25.6
"467","naturalismus",2014-03-15,2014-03-15 23:35:40,2014-03-15 23:36:59,1.31666666666667
"468","naturalismus",2014-03-15,2014-03-15 23:37:32,2014-03-15 23:50:26,12.9
"469","naturalismus",2014-03-15,2014-03-15 23:51:48,2014-03-16 00:00:00,8.2
"470","jemus42",2014-03-16,2014-03-16 00:00:00,2014-03-16 01:42:15,102.25
"471","l3viathan",2014-03-16,2014-03-16 00:00:00,2014-03-16 00:02:22,2.36666666666667
"472","naturalismus",2014-03-16,2014-03-16 00:00:00,2014-03-16 00:00:09,0.15
"473","naturalismus",2014-03-16,2014-03-16 00:03:05,2014-03-16 00:15:55,12.8333333333333
"474","naturalismus",2014-03-16,2014-03-16 00:16:27,2014-03-16 00:22:57,6.5
"475","naturalismus",2014-03-16,2014-03-16 00:23:42,2014-03-16 00:30:56,7.23333333333333
"476","naturalismus",2014-03-16,2014-03-16 00:36:11,2014-03-16 00:36:17,0.1
"477","naturalismus",2014-03-16,2014-03-16 00:36:34,2014-03-16 00:58:47,22.2166666666667
"478","naturalismus",2014-03-16,2014-03-16 00:59:48,2014-03-16 01:01:15,1.45
"479","naturalismus",2014-03-16,2014-03-16 01:01:58,2014-03-16 01:04:36,2.63333333333333
"480","naturalismus",2014-03-16,2014-03-16 01:05:23,2014-03-16 01:55:56,50.55
"481","l3viathan",2014-03-16,2014-03-16 01:18:54,2014-03-16 01:48:45,29.85
"482","jemus42",2014-03-16,2014-03-16 01:56:19,2014-03-16 02:01:21,5.03333333333333
"483","naturalismus",2014-03-16,2014-03-16 02:01:53,2014-03-16 02:02:41,0.8
"484","naturalismus",2014-03-16,2014-03-16 02:02:46,2014-03-16 02:15:22,12.6
"485","jemus42",2014-03-16,2014-03-16 02:05:26,2014-03-16 02:18:56,13.5
"486","jemus42",2014-03-16,2014-03-16 03:24:34,2014-03-16 03:25:03,0.483333333333333
"487","jemus42",2014-03-16,2014-03-16 03:25:14,2014-03-16 03:35:34,10.3333333333333
"488","jemus42",2014-03-16,2014-03-16 05:21:36,2014-03-16 08:10:09,168.55
"489","jemus42",2014-03-16,2014-03-16 09:38:17,2014-03-16 10:05:12,26.9166666666667
"490","naturalismus",2014-03-16,2014-03-16 09:41:51,2014-03-16 09:53:37,11.7666666666667
"491","naturalismus",2014-03-16,2014-03-16 10:26:48,2014-03-16 11:08:54,42.1
"492","jemus42",2014-03-16,2014-03-16 10:46:12,2014-03-16 10:55:49,9.61666666666667
"493","misterdanb",2014-03-16,2014-03-16 11:25:16,2014-03-16 11:36:42,11.4333333333333
"494","misterdanb",2014-03-16,2014-03-16 11:53:53,2014-03-16 11:56:18,2.41666666666667
"495","misterdanb",2014-03-16,2014-03-16 11:56:35,2014-03-16 12:01:25,4.83333333333333
"496","naturalismus",2014-03-16,2014-03-16 11:57:06,2014-03-16 12:45:56,48.8333333333333
"497","misterdanb",2014-03-16,2014-03-16 12:01:44,2014-03-16 12:23:58,22.2333333333333
"498","naturalismus",2014-03-16,2014-03-16 13:04:43,2014-03-16 13:06:43,2
"499","naturalismus",2014-03-16,2014-03-16 13:06:48,2014-03-16 13:11:10,4.36666666666667
"500","naturalismus",2014-03-16,2014-03-16 13:14:49,2014-03-16 13:22:10,7.35
"501","alexex",2014-03-16,2014-03-16 16:17:58,2014-03-16 17:01:56,43.9666666666667
"502","naturalismus",2014-03-16,2014-03-16 22:45:20,2014-03-16 23:09:42,24.3666666666667
"503","misterdanb",2014-03-16,2014-03-16 22:58:57,2014-03-16 22:59:21,0.4
"504","naturalismus",2014-03-16,2014-03-16 23:10:00,2014-03-16 23:10:20,0.333333333333333
"505","naturalismus",2014-03-17,2014-03-17 01:37:34,2014-03-17 02:02:04,24.5
"506","naturalismus",2014-03-17,2014-03-17 02:02:34,2014-03-17 02:31:54,29.3333333333333
"507","naturalismus",2014-03-17,2014-03-17 02:33:05,2014-03-17 03:47:31,74.4333333333333
"508","xsteadfastx",2014-03-17,2014-03-17 12:56:10,2014-03-17 12:57:21,1.18333333333333
"509","naturalismus",2014-03-17,2014-03-17 13:58:15,2014-03-17 15:19:21,81.1
"510","xsteadfastx",2014-03-17,2014-03-17 14:19:21,2014-03-17 14:20:20,0.983333333333333
"511","xsteadfastx",2014-03-17,2014-03-17 14:30:46,2014-03-17 15:10:26,39.6666666666667
"512","jemus42",2014-03-17,2014-03-17 19:29:21,2014-03-17 22:01:50,152.483333333333
"513","naturalismus",2014-03-17,2014-03-17 22:17:46,2014-03-18 00:00:00,102.233333333333
"514","jemus42",2014-03-17,2014-03-17 22:23:02,2014-03-17 22:31:12,8.16666666666667
"515","jemus42",2014-03-17,2014-03-17 22:38:13,2014-03-17 22:47:46,9.55
"516","fenhl",2014-03-17,2014-03-17 23:28:48,2014-03-18 00:00:00,31.2
"517","fenhl",2014-03-18,2014-03-18 00:00:00,2014-03-18 00:51:12,51.2
"518","naturalismus",2014-03-18,2014-03-18 00:00:00,2014-03-18 00:04:13,4.21666666666667
"519","naturalismus",2014-03-18,2014-03-18 00:04:42,2014-03-18 00:25:35,20.8833333333333
"520","fenhl",2014-03-18,2014-03-18 20:32:13,2014-03-18 20:34:32,2.31666666666667
"521","fenhl",2014-03-18,2014-03-18 23:53:39,2014-03-19 00:00:00,6.35
"522","fenhl",2014-03-19,2014-03-19 00:00:00,2014-03-19 02:02:06,122.1
"523","fenhl",2014-03-19,2014-03-19 02:02:10,2014-03-19 02:02:48,0.633333333333333
"524","fenhl",2014-03-19,2014-03-19 02:02:53,2014-03-19 04:16:32,133.65
"525","fenhl",2014-03-19,2014-03-19 05:01:32,2014-03-19 08:27:00,205.466666666667
"526","xsteadfastx",2014-03-19,2014-03-19 12:17:17,2014-03-19 12:18:15,0.966666666666667
"527","xsteadfastx",2014-03-19,2014-03-19 12:20:04,2014-03-19 12:21:31,1.45
"528","fenhl",2014-03-19,2014-03-19 22:41:53,2014-03-20 00:00:00,78.1166666666667
"529","fenhl",2014-03-20,2014-03-20 00:00:00,2014-03-20 02:01:45,121.75
"530","fenhl",2014-03-20,2014-03-20 02:01:50,2014-03-20 02:39:15,37.4166666666667
"531","fenhl",2014-03-20,2014-03-20 02:43:06,2014-03-20 03:03:57,20.85
"532","l3viathan",2014-03-20,2014-03-20 08:54:16,2014-03-20 08:56:53,2.61666666666667
"533","l3viathan",2014-03-20,2014-03-20 08:56:57,2014-03-20 09:01:50,4.88333333333333
"534","naturalismus",2014-03-20,2014-03-20 14:01:12,2014-03-20 14:05:34,4.36666666666667
"535","naturalismus",2014-03-20,2014-03-20 14:29:26,2014-03-20 14:51:03,21.6166666666667
"536","xsteadfastx",2014-03-20,2014-03-20 14:58:19,2014-03-20 15:10:49,12.5
"537","fenhl",2014-03-20,2014-03-20 18:24:56,2014-03-20 18:42:24,17.4666666666667
"538","fenhl",2014-03-20,2014-03-20 19:07:11,2014-03-20 19:57:30,50.3166666666667
"539","naturalismus",2014-03-20,2014-03-20 19:24:37,2014-03-20 19:25:05,0.466666666666667
"540","fenhl",2014-03-20,2014-03-20 22:27:03,2014-03-21 00:00:00,92.95
"541","fenhl",2014-03-21,2014-03-21 00:00:00,2014-03-21 02:32:13,152.216666666667
"542","fenhl",2014-03-21,2014-03-21 04:49:06,2014-03-21 06:49:52,120.766666666667
"543","naturalismus",2014-03-21,2014-03-21 12:54:50,2014-03-21 13:47:55,53.0833333333333
"544","naturalismus",2014-03-21,2014-03-21 13:48:03,2014-03-21 14:05:48,17.75
"545","naturalismus",2014-03-21,2014-03-21 14:18:15,2014-03-21 15:12:41,54.4333333333333
"546","naturalismus",2014-03-21,2014-03-21 15:12:47,2014-03-21 15:35:11,22.4
"547","naturalismus",2014-03-21,2014-03-21 15:37:08,2014-03-21 15:47:14,10.1
"548","naturalismus",2014-03-21,2014-03-21 15:48:26,2014-03-21 15:56:26,8
"549","naturalismus",2014-03-21,2014-03-21 16:03:10,2014-03-21 16:20:47,17.6166666666667
"550","naturalismus",2014-03-21,2014-03-21 16:21:16,2014-03-21 16:48:27,27.1833333333333
"551","naturalismus",2014-03-21,2014-03-21 16:54:43,2014-03-21 17:53:19,58.6
"552","naturalismus",2014-03-21,2014-03-21 17:54:48,2014-03-21 18:20:55,26.1166666666667
"553","naturalismus",2014-03-21,2014-03-21 20:10:08,2014-03-21 20:22:27,12.3166666666667
"554","fenhl",2014-03-21,2014-03-21 21:38:34,2014-03-22 00:00:00,141.433333333333
"555","naturalismus",2014-03-21,2014-03-21 23:16:05,2014-03-21 23:17:33,1.46666666666667
"556","naturalismus",2014-03-21,2014-03-21 23:24:40,2014-03-21 23:52:47,28.1166666666667
"557","fenhl",2014-03-22,2014-03-22 00:00:00,2014-03-22 01:23:22,83.3666666666667
"558","fenhl",2014-03-22,2014-03-22 01:30:58,2014-03-22 01:35:11,4.21666666666667
"559","fenhl",2014-03-22,2014-03-22 01:35:23,2014-03-22 02:01:34,26.1833333333333
"560","fenhl",2014-03-22,2014-03-22 02:01:46,2014-03-22 02:02:17,0.516666666666667
"561","fenhl",2014-03-22,2014-03-22 02:03:12,2014-03-22 02:07:41,4.48333333333333
"562","naturalismus",2014-03-22,2014-03-22 10:25:57,2014-03-22 10:31:58,6.01666666666667
"563","l3viathan",2014-03-22,2014-03-22 12:29:49,2014-03-22 12:37:37,7.8
"564","jemus42",2014-03-22,2014-03-22 17:36:28,2014-03-22 17:40:19,3.85
"565","misterdanb",2014-03-22,2014-03-22 18:29:07,2014-03-22 18:33:07,4
"566","tinuqin",2014-03-22,2014-03-22 18:35:27,2014-03-22 18:37:16,1.81666666666667
"567","misterdanb",2014-03-22,2014-03-22 18:46:50,2014-03-22 18:52:53,6.05
"568","fenhl",2014-03-23,2014-03-23 08:11:07,2014-03-23 08:41:11,30.0666666666667
"569","fenhl",2014-03-23,2014-03-23 09:40:00,2014-03-23 09:48:13,8.21666666666667
"570","l3viathan",2014-03-23,2014-03-23 13:19:00,2014-03-23 13:31:27,12.45
"571","naturalismus",2014-03-23,2014-03-23 13:45:01,2014-03-23 13:56:08,11.1166666666667
"572","naturalismus",2014-03-23,2014-03-23 14:32:39,2014-03-23 14:38:49,6.16666666666667
"573","jemus42",2014-03-23,2014-03-23 14:43:03,2014-03-23 17:46:06,183.05
"574","naturalismus",2014-03-23,2014-03-23 15:32:20,2014-03-23 15:35:30,3.16666666666667
"575","naturalismus",2014-03-23,2014-03-23 16:30:32,2014-03-23 16:37:14,6.7
"576","naturalismus",2014-03-23,2014-03-23 16:49:24,2014-03-23 17:19:30,30.1
"577","fenhl",2014-03-23,2014-03-23 22:07:39,2014-03-23 22:24:03,16.4
"578","fenhl",2014-03-23,2014-03-23 22:26:37,2014-03-23 22:36:33,9.93333333333333
"579","fenhl",2014-03-23,2014-03-23 23:56:20,2014-03-24 00:00:00,3.66666666666667
"580","fenhl",2014-03-24,2014-03-24 00:00:00,2014-03-24 02:01:43,121.716666666667
"581","fenhl",2014-03-24,2014-03-24 02:02:51,2014-03-24 02:16:08,13.2833333333333
"582","fenhl",2014-03-24,2014-03-24 12:57:19,2014-03-24 13:07:26,10.1166666666667
"583","fenhl",2014-03-24,2014-03-24 13:07:45,2014-03-24 13:14:06,6.35
"584","monographic",2014-03-24,2014-03-24 19:27:03,2014-03-24 19:35:55,8.86666666666667
"585","fenhl",2014-03-25,2014-03-25 00:56:45,2014-03-25 02:01:39,64.9
"586","fenhl",2014-03-25,2014-03-25 02:02:40,2014-03-25 02:27:43,25.05
"587","l3viathan",2014-03-25,2014-03-25 22:03:39,2014-03-25 22:05:28,1.81666666666667
"588","xsteadfastx",2014-03-26,2014-03-26 13:05:06,2014-03-26 13:06:33,1.45
"589","xsteadfastx",2014-03-26,2014-03-26 13:06:43,2014-03-26 13:13:10,6.45
"590","fenhl",2014-03-26,2014-03-26 13:08:43,2014-03-26 13:16:22,7.65
"591","monographic",2014-03-26,2014-03-26 20:39:16,2014-03-26 20:53:38,14.3666666666667
"592","l3viathan",2014-03-26,2014-03-26 21:53:34,2014-03-26 22:05:12,11.6333333333333
"593","madmalik",2014-03-27,2014-03-27 19:43:58,2014-03-27 19:44:34,0.6
"594","fenhl",2014-03-28,2014-03-28 15:31:50,2014-03-28 15:56:50,25
"595","gilbster",2014-03-28,2014-03-28 21:09:28,2014-03-28 21:19:08,9.66666666666667
"596","monographic",2014-03-29,2014-03-29 13:54:47,2014-03-29 13:59:23,4.6
"597","monographic",2014-03-30,2014-03-30 12:49:55,2014-03-30 12:55:44,5.81666666666667
"598","jemus42",2014-03-30,2014-03-30 22:44:32,2014-03-30 22:52:02,7.5
"599","jemus42",2014-03-30,2014-03-30 22:52:07,2014-03-30 23:16:45,24.6333333333333
"600","jemus42",2014-03-30,2014-03-30 23:16:50,2014-03-30 23:41:31,24.6833333333333
"601","jemus42",2014-03-30,2014-03-30 23:41:37,2014-03-31 00:00:00,18.3833333333333
"602","jemus42",2014-03-31,2014-03-31 00:00:00,2014-03-31 00:00:46,0.766666666666667
"603","monographic",2014-03-31,2014-03-31 19:07:35,2014-03-31 19:39:18,31.7166666666667
"604","fenhl",2014-03-31,2014-03-31 19:11:35,2014-03-31 20:49:07,97.5333333333333
"605","monographic",2014-03-31,2014-03-31 19:45:15,2014-03-31 19:54:21,9.1
"606","monographic",2014-03-31,2014-03-31 19:54:26,2014-03-31 19:56:46,2.33333333333333
"607","monographic",2014-03-31,2014-03-31 19:57:29,2014-03-31 20:26:35,29.1
"608","fenhl",2014-04-01,2014-04-01 06:39:59,2014-04-01 07:01:57,21.9666666666667
"609","jemus42",2014-04-01,2014-04-01 08:42:27,2014-04-01 08:43:09,0.7
"610","naturalismus",2014-04-01,2014-04-01 12:39:50,2014-04-01 12:45:39,5.81666666666667
"611","fenhl",2014-04-01,2014-04-01 14:13:16,2014-04-01 14:35:57,22.6833333333333
"612","monographic",2014-04-01,2014-04-01 15:22:00,2014-04-01 15:22:13,0.216666666666667
"613","monographic",2014-04-01,2014-04-01 15:25:26,2014-04-01 15:27:02,1.6
"614","monographic",2014-04-01,2014-04-01 18:30:25,2014-04-01 18:30:58,0.55
"615","monographic",2014-04-01,2014-04-01 18:32:15,2014-04-01 18:41:00,8.75
"616","monographic",2014-04-01,2014-04-01 18:47:46,2014-04-01 18:55:24,7.63333333333333
